case_00069,Training
case_00045,Training
case_00200,Training
case_00143,Training
case_00129,Training
case_00113,Training
case_00175,Training
case_00056,Training
case_00047,Training
case_00019,Training
case_00117,Training
case_00140,Training
case_00071,Training
case_00053,Training
case_00142,Training
case_00037,Training
case_00050,Training
case_00091,Training
case_00176,Training
case_00174,Training
case_00014,Training
case_00064,Training
case_00046,Training
case_00147,Training
case_00059,Training
case_00052,Training
case_00133,Training
case_00141,Training
case_00060,Training
case_00074,Training
case_00188,Training
case_00003,Training
case_00194,Training
case_00034,Training
case_00022,Training
case_00066,Training
case_00164,Training
case_00101,Training
case_00067,Training
case_00150,Training
case_00086,Training
case_00093,Training
case_00204,Training
case_00061,Training
case_00042,Training
case_00041,Training
case_00063,Training
case_00189,Training
case_00009,Training
case_00149,Training
case_00208,Training
case_00008,Training
case_00205,Training
case_00010,Training
case_00089,Training
case_00162,Training
case_00196,Training
case_00027,Training
case_00146,Training
case_00138,Training
case_00206,Training
case_00167,Training
case_00116,Training
case_00038,Training
case_00072,Training
case_00125,Training
case_00168,Training
case_00073,Training
case_00155,Training
case_00115,Training
case_00136,Training
case_00005,Training
case_00166,Training
case_00120,Training
case_00179,Training
case_00187,Training
case_00105,Training
case_00157,Training
case_00139,Training
case_00028,Training
case_00043,Training
case_00172,Training
case_00202,Training
case_00171,Training
case_00017,Training
case_00130,Training
case_00106,Training
case_00170,Training
case_00054,Training
case_00090,Training
case_00132,Training
case_00112,Training
case_00029,Training
case_00100,Training
case_00004,Training
case_00040,Training
case_00110,Training
case_00085,Training
case_00185,Training
case_00096,Training
case_00198,Training
case_00015,Training
case_00134,Training
case_00163,Training
case_00107,Training
case_00151,Training
case_00108,Training
case_00001,Training
case_00079,Training
case_00199,Training
case_00191,Training
case_00088,Training
case_00083,Training
case_00018,Training
case_00078,Training
case_00158,Training
case_00148,Training
case_00122,Training
case_00077,Training
case_00013,Training
case_00201,Training
case_00184,Training
case_00131,Training
case_00192,Training
case_00055,Training
case_00068,Training
case_00084,Training
case_00183,Training
case_00180,Training
case_00006,Training
case_00002,Training
case_00161,Training
case_00049,Training
case_00065,Training
case_00203,Training
case_00121,Training
case_00030,Training
case_00092,Training
case_00032,Training
case_00182,Training
case_00154,Training
case_00111,Training
case_00160,Training
case_00118,Training
case_00197,Training
case_00012,Training
case_00082,Training
case_00123,Training
case_00098,Training
case_00057,Training
case_00036,Training
case_00153,Training
case_00033,Training
case_00039,Training
case_00097,Training
case_00011,Training
case_00209,Training
case_00044,Training
case_00000,Training
case_00016,Training
case_00081,Training
case_00102,Training
case_00048,Training
case_00193,Training
case_00195,Training
case_00094,Training
case_00156,Training
case_00186,Training
case_00127,Validation
case_00025,Validation
case_00104,Validation
case_00058,Validation
case_00062,Validation
case_00190,Validation
case_00051,Validation
case_00035,Validation
case_00103,Validation
case_00145,Validation
case_00178,Validation
case_00207,Validation
case_00095,Validation
case_00023,Validation
case_00031,Validation
case_00152,Validation
case_00169,Validation
case_00020,Validation
case_00144,Validation
case_00099,Validation
case_00087,Validation
case_00137,Validation
case_00165,Validation
case_00135,Validation
case_00181,Validation
case_00126,Validation
case_00109,Validation
case_00024,Validation
case_00128,Validation
case_00021,Validation
case_00080,Validation
case_00075,Validation
case_00119,Validation
case_00114,Validation
case_00076,Validation
case_00159,Validation
case_00173,Validation
case_00026,Validation
case_00070,Validation
case_00177,Validation
case_00124,Validation
case_00007,Validation
